{"data":{"created_on":"2022-04-20T09:00:33.323932","updated_on":"2022-04-20T12:26:06.973130","dataset":"gfw_integrated_alerts","version":"v20220420","is_latest":true,"is_mutable":false,"metadata":{"title":null,"subtitle":null,"function":null,"resolution":null,"geographic_coverage":null,"source":null,"update_frequency":null,"cautions":null,"license":null,"overview":null,"citation":null,"tags":null,"data_language":null,"key_restrictions":null,"scale":null,"added_date":null,"why_added":null,"other":null,"learn_more":null,"version_number":null,"content_date":"2022-04-20","content_date_range":{"min":"2014-12-31","max":"2022-04-20"},"last_update":"2022-04-20","download":null,"analysis":null,"data_updates":null},"status":"saved","assets":[["Raster tile set","s3://gfw-data-lake/gfw_integrated_alerts/v20220420/raster/epsg-3857/zoom_13/intensity_default/geotiff/{tile_id}.tif"],["Raster tile set","s3://gfw-data-lake/gfw_integrated_alerts/v20220420/raster/epsg-3857/zoom_11/intensity_default/geotiff/{tile_id}.tif"],["Raster tile set","s3://gfw-data-lake/gfw_integrated_alerts/v20220420/raster/epsg-3857/zoom_10/intensity_default/geotiff/{tile_id}.tif"],["Raster tile set","s3://gfw-data-lake/gfw_integrated_alerts/v20220420/raster/epsg-3857/zoom_9/intensity_default/geotiff/{tile_id}.tif"],["Raster tile set","s3://gfw-data-lake/gfw_integrated_alerts/v20220420/raster/epsg-3857/zoom_8/intensity_default/geotiff/{tile_id}.tif"],["Raster tile set","s3://gfw-data-lake/gfw_integrated_alerts/v20220420/raster/epsg-3857/zoom_7/intensity_default/geotiff/{tile_id}.tif"],["Raster tile set","s3://gfw-data-lake/gfw_integrated_alerts/v20220420/raster/epsg-3857/zoom_6/intensity_default/geotiff/{tile_id}.tif"],["Raster tile set","s3://gfw-data-lake/gfw_integrated_alerts/v20220420/raster/epsg-3857/zoom_5/intensity_default/geotiff/{tile_id}.tif"],["Raster tile set","s3://gfw-data-lake/gfw_integrated_alerts/v20220420/raster/epsg-3857/zoom_4/intensity_default/geotiff/{tile_id}.tif"],["Raster tile set","s3://gfw-data-lake/gfw_integrated_alerts/v20220420/raster/epsg-3857/zoom_3/intensity_default/geotiff/{tile_id}.tif"],["Raster tile set","s3://gfw-data-lake/gfw_integrated_alerts/v20220420/raster/epsg-3857/zoom_2/intensity_default/geotiff/{tile_id}.tif"],["Raster tile set","s3://gfw-data-lake/gfw_integrated_alerts/v20220420/raster/epsg-3857/zoom_1/intensity_default/geotiff/{tile_id}.tif"],["Raster tile set","s3://gfw-data-lake/gfw_integrated_alerts/v20220420/raster/epsg-3857/zoom_0/intensity_default/geotiff/{tile_id}.tif"],["Raster tile set","s3://gfw-data-lake/gfw_integrated_alerts/v20220420/raster/epsg-3857/zoom_12/date_conf_default/geotiff/{tile_id}.tif"],["Raster tile set","s3://gfw-data-lake/gfw_integrated_alerts/v20220420/raster/epsg-3857/zoom_11/date_conf_default/geotiff/{tile_id}.tif"],["Raster tile set","s3://gfw-data-lake/gfw_integrated_alerts/v20220420/raster/epsg-3857/zoom_10/date_conf_default/geotiff/{tile_id}.tif"],["Raster tile set","s3://gfw-data-lake/gfw_integrated_alerts/v20220420/raster/epsg-3857/zoom_12/default/geotiff/{tile_id}.tif"],["Raster tile set","s3://gfw-data-lake/gfw_integrated_alerts/v20220420/raster/epsg-3857/zoom_14/default/geotiff/{tile_id}.tif"],["Raster tile set","s3://gfw-data-lake/gfw_integrated_alerts/v20220420/raster/epsg-3857/zoom_10/default/geotiff/{tile_id}.tif"],["Raster tile set","s3://gfw-data-lake/gfw_integrated_alerts/v20220420/raster/epsg-3857/zoom_9/default/geotiff/{tile_id}.tif"],["Raster tile set","s3://gfw-data-lake/gfw_integrated_alerts/v20220420/raster/epsg-3857/zoom_7/default/geotiff/{tile_id}.tif"],["Raster tile set","s3://gfw-data-lake/gfw_integrated_alerts/v20220420/raster/epsg-3857/zoom_7/date_conf_default/geotiff/{tile_id}.tif"],["Raster tile set","s3://gfw-data-lake/gfw_integrated_alerts/v20220420/raster/epsg-3857/zoom_5/date_conf_default/geotiff/{tile_id}.tif"],["Raster tile set","s3://gfw-data-lake/gfw_integrated_alerts/v20220420/raster/epsg-3857/zoom_2/date_conf_default/geotiff/{tile_id}.tif"],["Raster tile set","s3://gfw-data-lake/gfw_integrated_alerts/v20220420/raster/epsg-3857/zoom_4/date_conf_default/geotiff/{tile_id}.tif"],["Raster tile set","s3://gfw-data-lake/gfw_integrated_alerts/v20220420/raster/epsg-3857/zoom_4/default/geotiff/{tile_id}.tif"],["Raster tile set","s3://gfw-data-lake/gfw_integrated_alerts/v20220420/raster/epsg-3857/zoom_1/date_conf_default/geotiff/{tile_id}.tif"],["Raster tile set","s3://gfw-data-lake/gfw_integrated_alerts/v20220420/raster/epsg-3857/zoom_8/default/geotiff/{tile_id}.tif"],["Raster tile set","s3://gfw-data-lake/gfw_integrated_alerts/v20220420/raster/epsg-3857/zoom_0/date_conf_default/geotiff/{tile_id}.tif"],["Raster tile set","s3://gfw-data-lake/gfw_integrated_alerts/v20220420/raster/epsg-3857/zoom_2/default/geotiff/{tile_id}.tif"],["Raster tile set","s3://gfw-data-lake/gfw_integrated_alerts/v20220420/raster/epsg-4326/10/100000/date_conf/geotiff/{tile_id}.tif"],["Raster tile set","s3://gfw-data-lake/gfw_integrated_alerts/v20220420/raster/epsg-3857/zoom_13/date_conf_default/geotiff/{tile_id}.tif"],["Raster tile cache","https://tiles.globalforestwatch.org/gfw_integrated_alerts/v20220420/default/{z}/{x}/{y}.png"],["Raster tile set","s3://gfw-data-lake/gfw_integrated_alerts/v20220420/raster/epsg-3857/zoom_12/intensity_default/geotiff/{tile_id}.tif"],["Raster tile set","s3://gfw-data-lake/gfw_integrated_alerts/v20220420/raster/epsg-3857/zoom_13/default/geotiff/{tile_id}.tif"],["Raster tile set","s3://gfw-data-lake/gfw_integrated_alerts/v20220420/raster/epsg-3857/zoom_11/default/geotiff/{tile_id}.tif"],["Raster tile set","s3://gfw-data-lake/gfw_integrated_alerts/v20220420/raster/epsg-3857/zoom_9/date_conf_default/geotiff/{tile_id}.tif"],["Raster tile set","s3://gfw-data-lake/gfw_integrated_alerts/v20220420/raster/epsg-3857/zoom_8/date_conf_default/geotiff/{tile_id}.tif"],["Raster tile set","s3://gfw-data-lake/gfw_integrated_alerts/v20220420/raster/epsg-3857/zoom_6/date_conf_default/geotiff/{tile_id}.tif"],["Raster tile set","s3://gfw-data-lake/gfw_integrated_alerts/v20220420/raster/epsg-3857/zoom_6/default/geotiff/{tile_id}.tif"],["Raster tile set","s3://gfw-data-lake/gfw_integrated_alerts/v20220420/raster/epsg-3857/zoom_5/default/geotiff/{tile_id}.tif"],["Raster tile set","s3://gfw-data-lake/gfw_integrated_alerts/v20220420/raster/epsg-3857/zoom_3/date_conf_default/geotiff/{tile_id}.tif"],["Raster tile set","s3://gfw-data-lake/gfw_integrated_alerts/v20220420/raster/epsg-3857/zoom_3/default/geotiff/{tile_id}.tif"],["Raster tile set","s3://gfw-data-lake/gfw_integrated_alerts/v20220420/raster/epsg-3857/zoom_1/default/geotiff/{tile_id}.tif"],["Raster tile set","s3://gfw-data-lake/gfw_integrated_alerts/v20220420/raster/epsg-3857/zoom_0/default/geotiff/{tile_id}.tif"],["Raster tile set","s3://gfw-data-lake/gfw_integrated_alerts/v20220420/raster/epsg-3857/zoom_14/intensity_default/geotiff/{tile_id}.tif"],["Raster tile set","s3://gfw-data-lake/gfw_integrated_alerts/v20220420/raster/epsg-3857/zoom_14/date_conf_default/geotiff/{tile_id}.tif"]]},"status":"success"}