{"rows":[{"plantations":96,"ifl":63,"primary_forest":79,"mangroves_2016":0,"mining":29,"wdpa":160,"kba":162,"aze":82,"landmark":41,"idn_mys_peatlands":0,"idn_forest_moratorium":4,"oil_palm":9,"wood_fiber":4,"managed_forests":15}],"time":0.023,"fields":{"plantations":{"type":"number","pgtype":"numeric"},"ifl":{"type":"number","pgtype":"numeric"},"primary_forest":{"type":"number","pgtype":"numeric"},"mangroves_2016":{"type":"number","pgtype":"numeric"},"mining":{"type":"number","pgtype":"numeric"},"wdpa":{"type":"number","pgtype":"numeric"},"kba":{"type":"number","pgtype":"numeric"},"aze":{"type":"number","pgtype":"numeric"},"landmark":{"type":"number","pgtype":"numeric"},"idn_mys_peatlands":{"type":"number","pgtype":"numeric"},"idn_forest_moratorium":{"type":"number","pgtype":"numeric"},"oil_palm":{"type":"number","pgtype":"numeric"},"wood_fiber":{"type":"number","pgtype":"numeric"},"managed_forests":{"type":"number","pgtype":"numeric"}},"total_rows":1}