{"rows":[{"iso":"NGA","name":"Nigeria"},{"iso":"ESP","name":"Spain"},{"iso":"SAU","name":"Saudi Arabia"},{"iso":"WLF","name":"Wallis and Futuna"},{"iso":"LBR","name":"Liberia"},{"iso":"KOR","name":"Republic of Korea"},{"iso":"CYP","name":"Cyprus"},{"iso":"PYF","name":"French Polynesia"},{"iso":"KHM","name":"Cambodia"},{"iso":"COL","name":"Colombia"},{"iso":"NPL","name":"Nepal"},{"iso":"MNG","name":"Mongolia"},{"iso":"SYC","name":"Seychelles"},{"iso":"ITA","name":"Italy"},{"iso":"SDN","name":"Sudan"},{"iso":"VGB","name":"British Virgin Islands"},{"iso":"GMB","name":"Gambia"},{"iso":"BMU","name":"Bermuda"},{"iso":"CRI","name":"Costa Rica"},{"iso":"UGA","name":"Uganda"},{"iso":"TKL","name":"Tokelau"},{"iso":"ARG","name":"Argentina"},{"iso":"BEL","name":"Belgium"},{"iso":"BGD","name":"Bangladesh"},{"iso":"CYM","name":"Cayman Islands"},{"iso":"WSM","name":"Samoa"},{"iso":"RWA","name":"Rwanda"},{"iso":"ATG","name":"Antigua and Barbuda"},{"iso":"MRT","name":"Mauritania"},{"iso":"TTO","name":"Trinidad and Tobago"},{"iso":"ERI","name":"Eritrea"},{"iso":"MCO","name":"Monaco"},{"iso":"URY","name":"Uruguay"},{"iso":"ANT","name":"Netherlands Antilles"},{"iso":"YEM","name":"Yemen"},{"iso":"ETH","name":"Ethiopia"},{"iso":"BWA","name":"Botswana"},{"iso":"SHN","name":"Saint Helena"},{"iso":"KIR","name":"Kiribati"},{"iso":"AND","name":"Andorra"},{"iso":"GGY","name":"Guernsey"},{"iso":"BHR","name":"Bahrain"},{"iso":"GUM","name":"Guam"},{"iso":"COM","name":"Comoros"},{"iso":"FRA","name":"France"},{"iso":"VIR","name":"United States Virgin Islands"},{"iso":"COG","name":"Congo"},{"iso":"TLS","name":"Timor-Leste"},{"iso":"BRA","name":"Brazil"},{"iso":"MYT","name":"Mayotte"},{"iso":"GIN","name":"Guinea"},{"iso":"LBN","name":"Lebanon"},{"iso":"KAZ","name":"Kazakhstan"},{"iso":"LAO","name":"Lao People's Democratic Republic"},{"iso":"CHL","name":"Chile"},{"iso":"CUB","name":"Cuba"},{"iso":"MHL","name":"Marshall Islands"},{"iso":"BRB","name":"Barbados"},{"iso":"AFG","name":"Afghanistan"},{"iso":"SSD","name":"South Sudan"},{"iso":"JOR","name":"Jordan"},{"iso":"TUV","name":"Tuvalu"},{"iso":"NIC","name":"Nicaragua"},{"iso":"SVK","name":"Slovakia"},{"iso":"ZWE","name":"Zimbabwe"},{"iso":"UKR","name":"Ukraine"},{"iso":"SYR","name":"Syrian Arab Republic"},{"iso":"LBY","name":"Libya"},{"iso":"NOR","name":"Norway"},{"iso":"CHN","name":"China"},{"iso":"ARE","name":"United Arab Emirates"},{"iso":"ABW","name":"Aruba"},{"iso":"AUS","name":"Australia"},{"iso":"MDA","name":"Moldova, Republic of"},{"iso":"AIA","name":"Anguilla"},{"iso":"NCL","name":"New Caledonia"},{"iso":"NLD","name":"Netherlands"},{"iso":"MNP","name":"Northern Mariana Islands"},{"iso":"GNB","name":"Guinea-Bissau"},{"iso":"GNQ","name":"Equatorial Guinea"},{"iso":"SVN","name":"Slovenia"},{"iso":"SEN","name":"Senegal"},{"iso":"SGP","name":"Singapore"},{"iso":"CAF","name":"Central African Republic"},{"iso":"PAN","name":"Panama"},{"iso":"IRN","name":"Iran  (Islamic Republic of)"},{"iso":"KNA","name":"Saint Kitts and Nevis"},{"iso":"NIU","name":"Niue"},{"iso":"GLP","name":"Guadeloupe"},{"iso":"TUR","name":"Turkey"},{"iso":"TCA","name":"Turks and Caicos Islands"},{"iso":"ROU","name":"Romania"},{"iso":"PER","name":"Peru"},{"iso":"ISR","name":"Israel"},{"iso":"GBR","name":"U.K. of Great Britain and Northern Ireland"},{"iso":"JAM","name":"Jamaica"},{"iso":"AZE","name":"Azerbaijan"},{"iso":"MAR","name":"Morocco"},{"iso":"CIV","name":"Côte d'Ivoire"},{"iso":"LKA","name":"Sri Lanka"},{"iso":"TKM","name":"Turkmenistan"},{"iso":"TZA","name":"United Republic of Tanzania"},{"iso":"RUS","name":"Russian Federation"},{"iso":"IMN","name":"Isle of Man"},{"iso":"GRL","name":"Greenland"},{"iso":"MSR","name":"Montserrat"},{"iso":"GRC","name":"Greece"},{"iso":"BIH","name":"Bosnia and Herzegovina"},{"iso":"LUX","name":"Luxembourg"},{"iso":"TGO","name":"Togo"},{"iso":"VAT","name":"Vatican City"},{"iso":"BDI","name":"Burundi"},{"iso":"MDV","name":"Maldives"},{"iso":"HUN","name":"Hungary"},{"iso":"FIN","name":"Finland"},{"iso":"NRU","name":"Nauru"},{"iso":"ZAF","name":"South Africa"},{"iso":"COK","name":"Cook Islands"},{"iso":"HRV","name":"Croatia"},{"iso":"IDN","name":"Indonesia"},{"iso":"STP","name":"Sao Tome and Principe"},{"iso":"BLM","name":"Saint Barthelemy"},{"iso":"MYS","name":"Malaysia"},{"iso":"SWE","name":"Sweden"},{"iso":"BTN","name":"Bhutan"},{"iso":"TCD","name":"Chad"},{"iso":"SOM","name":"Somalia"},{"iso":"TJK","name":"Tajikistan"},{"iso":"UZB","name":"Uzbekistan"},{"iso":"OMN","name":"Oman"},{"iso":"KWT","name":"Kuwait"},{"iso":"SWZ","name":"Swaziland"},{"iso":"PNG","name":"Papua New Guinea"},{"iso":"ZMB","name":"Zambia"},{"iso":"MKD","name":"The former Yugoslav Republic of Macedonia"},{"iso":"BGR","name":"Bulgaria"},{"iso":"LVA","name":"Latvia"},{"iso":"BFA","name":"Burkina Faso"},{"iso":"VCT","name":"Saint Vincent and the Grenadines"},{"iso":"PRK","name":"Dem People's Rep of Korea"},{"iso":"FJI","name":"Fiji"},{"iso":"ECU","name":"Ecuador"},{"iso":"SLB","name":"Solomon Islands"},{"iso":"GUY","name":"Guyana"},{"iso":"SPM","name":"Saint Pierre and Miquelon"},{"iso":"ISL","name":"Iceland"},{"iso":"MUS","name":"Mauritius"},{"iso":"DOM","name":"Dominican Republic"},{"iso":"GHA","name":"Ghana"},{"iso":"MDG","name":"Madagascar"},{"iso":"PRY","name":"Paraguay"},{"iso":"PCN","name":"Pitcairn"},{"iso":"IRL","name":"Ireland"},{"iso":"JPN","name":"Japan"},{"iso":"AGO","name":"Angola"},{"iso":"LTU","name":"Lithuania"},{"iso":"IND","name":"India"},{"iso":"VUT","name":"Vanuatu"},{"iso":"USA","name":"United States of America"},{"iso":"GRD","name":"Grenada"},{"iso":"COD","name":"Democratic Republic of the Congo"},{"iso":"FSM","name":"Micronesia (Federated States of)"},{"iso":"MMR","name":"Myanmar"},{"iso":"SMR","name":"San Marino"},{"iso":"NAM","name":"Namibia"},{"iso":"NER","name":"Niger"},{"iso":"BHS","name":"Bahamas"},{"iso":"LCA","name":"Saint Lucia"},{"iso":"DEU","name":"Germany"},{"iso":"PRI","name":"Puerto Rico"},{"iso":"NFK","name":"Norfolk Island"},{"iso":"POL","name":"Poland"},{"iso":"DZA","name":"Algeria"},{"iso":"TON","name":"Tonga"},{"iso":"VEN","name":"Venezuela"},{"iso":"MNE","name":"Montenegro"},{"iso":"FRO","name":"Faroe Islands"},{"iso":"DMA","name":"Dominica"},{"iso":"EST","name":"Estonia"},{"iso":"LIE","name":"Liechtenstein"},{"iso":"ARM","name":"Armenia"},{"iso":"MEX","name":"Mexico"},{"iso":"ESH","name":"Western Sahara"},{"iso":"CAN","name":"Canada"},{"iso":"KEN","name":"Kenya"},{"iso":"SUR","name":"Suriname"},{"iso":"MTQ","name":"Martinique"},{"iso":"JEY","name":"Jersey"},{"iso":"TUN","name":"Tunisia"},{"iso":"DNK","name":"Denmark"},{"iso":"VNM","name":"Viet Nam"},{"iso":"BOL","name":"Bolivia"},{"iso":"MWI","name":"Malawi"},{"iso":"SLV","name":"El Salvador"},{"iso":"EGY","name":"Egypt"},{"iso":"CZE","name":"Czech Republic"},{"iso":"GTM","name":"Guatemala"},{"iso":"CPV","name":"Cape Verde"},{"iso":"MAF","name":"Saint Martin"},{"iso":"CHE","name":"Switzerland"},{"iso":"ASM","name":"American Samoa"},{"iso":"MOZ","name":"Mozambique"},{"iso":"LSO","name":"Lesotho"},{"iso":"BEN","name":"Benin"},{"iso":"MLI","name":"Mali"},{"iso":"FLK","name":"Falkland Islands (Malvinas)"},{"iso":"BRN","name":"Brunei Darussalam"},{"iso":"QAT","name":"Qatar"},{"iso":"GAB","name":"Gabon"},{"iso":"SRB","name":"Serbia"},{"iso":"GUF","name":"French Guiana"},{"iso":"PLW","name":"Palau"},{"iso":"GIB","name":"Gibraltar"},{"iso":"THA","name":"Thailand"},{"iso":"MLT","name":"Malta"},{"iso":"IRQ","name":"Iraq"},{"iso":"GEO","name":"Georgia"},{"iso":"ALB","name":"Albania"},{"iso":"DJI","name":"Djibouti"},{"iso":"KGZ","name":"Kyrgyzstan"},{"iso":"PAK","name":"Pakistan"},{"iso":"REU","name":"Réunion"},{"iso":"PHL","name":"Philippines"},{"iso":"PRT","name":"Portugal"},{"iso":"CMR","name":"Cameroon"},{"iso":"SJM","name":"Svalbard and Jan Mayen"},{"iso":"HND","name":"Honduras"},{"iso":"HTI","name":"Haiti"},{"iso":"BLR","name":"Belarus"},{"iso":"NZL","name":"New Zealand"},{"iso":"AUT","name":"Austria"},{"iso":"PSE","name":"West Bank"},{"iso":"BLZ","name":"Belize"},{"iso":"SLE","name":"Sierra Leone"}],"time":0.006,"fields":{"iso":{"type":"string","pgtype":"text"},"name":{"type":"string","pgtype":"text"}},"total_rows":234}