{"rows":[{"iso":"AFG","name":"Afghanistan"},{"iso":"XAD","name":"Akrotiri and Dhekelia"},{"iso":"ALA","name":"Åland"},{"iso":"ALB","name":"Albania"},{"iso":"DZA","name":"Algeria"},{"iso":"ASM","name":"American Samoa"},{"iso":"AND","name":"Andorra"},{"iso":"AGO","name":"Angola"},{"iso":"AIA","name":"Anguilla"},{"iso":"ATA","name":"Antarctica"},{"iso":"ATG","name":"Antigua and Barbuda"},{"iso":"ARG","name":"Argentina"},{"iso":"ARM","name":"Armenia"},{"iso":"ABW","name":"Aruba"},{"iso":"AUS","name":"Australia"},{"iso":"AUT","name":"Austria"},{"iso":"AZE","name":"Azerbaijan"},{"iso":"BHS","name":"Bahamas"},{"iso":"BHR","name":"Bahrain"},{"iso":"BGD","name":"Bangladesh"},{"iso":"BRB","name":"Barbados"},{"iso":"BLR","name":"Belarus"},{"iso":"BEL","name":"Belgium"},{"iso":"BLZ","name":"Belize"},{"iso":"BEN","name":"Benin"},{"iso":"BMU","name":"Bermuda"},{"iso":"BTN","name":"Bhutan"},{"iso":"BOL","name":"Bolivia"},{"iso":"BES","name":"Bonaire, Saint Eustatius and Saba"},{"iso":"BIH","name":"Bosnia and Herzegovina"},{"iso":"BWA","name":"Botswana"},{"iso":"BVT","name":"Bouvet Island"},{"iso":"BRA","name":"Brazil"},{"iso":"IOT","name":"British Indian Ocean Territory"},{"iso":"VGB","name":"British Virgin Islands"},{"iso":"BRN","name":"Brunei"},{"iso":"BGR","name":"Bulgaria"},{"iso":"BFA","name":"Burkina Faso"},{"iso":"BDI","name":"Burundi"},{"iso":"KHM","name":"Cambodia"},{"iso":"CMR","name":"Cameroon"},{"iso":"CAN","name":"Canada"},{"iso":"CPV","name":"Cape Verde"},{"iso":"CYM","name":"Cayman Islands"},{"iso":"CAF","name":"Central African Republic"},{"iso":"TCD","name":"Chad"},{"iso":"CHL","name":"Chile"},{"iso":"CHN","name":"China"},{"iso":"CXR","name":"Christmas Island"},{"iso":"XCL","name":"Clipperton Island"},{"iso":"CCK","name":"Cocos Islands"},{"iso":"COL","name":"Colombia"},{"iso":"COM","name":"Comoros"},{"iso":"COK","name":"Cook Islands"},{"iso":"CRI","name":"Costa Rica"},{"iso":"CIV","name":"Côte d'Ivoire"},{"iso":"HRV","name":"Croatia"},{"iso":"CUB","name":"Cuba"},{"iso":"CUW","name":"Curaçao"},{"iso":"CYP","name":"Cyprus"},{"iso":"CZE","name":"Czech Republic"},{"iso":"COD","name":"Democratic Republic of the Congo"},{"iso":"DNK","name":"Denmark"},{"iso":"DJI","name":"Djibouti"},{"iso":"DMA","name":"Dominica"},{"iso":"DOM","name":"Dominican Republic"},{"iso":"TLS","name":"East Timor"},{"iso":"ECU","name":"Ecuador"},{"iso":"EGY","name":"Egypt"},{"iso":"SLV","name":"El Salvador"},{"iso":"GNQ","name":"Equatorial Guinea"},{"iso":"ERI","name":"Eritrea"},{"iso":"EST","name":"Estonia"},{"iso":"ETH","name":"Ethiopia"},{"iso":"FLK","name":"Falkland Islands"},{"iso":"FRO","name":"Faroe Islands"},{"iso":"FJI","name":"Fiji"},{"iso":"FIN","name":"Finland"},{"iso":"FRA","name":"France"},{"iso":"GUF","name":"French Guiana"},{"iso":"PYF","name":"French Polynesia"},{"iso":"ATF","name":"French Southern Territories"},{"iso":"GAB","name":"Gabon"},{"iso":"GMB","name":"Gambia"},{"iso":"GEO","name":"Georgia"},{"iso":"DEU","name":"Germany"},{"iso":"GHA","name":"Ghana"},{"iso":"GIB","name":"Gibraltar"},{"iso":"GRC","name":"Greece"},{"iso":"GRL","name":"Greenland"},{"iso":"GRD","name":"Grenada"},{"iso":"GLP","name":"Guadeloupe"},{"iso":"GUM","name":"Guam"},{"iso":"GTM","name":"Guatemala"},{"iso":"GGY","name":"Guernsey"},{"iso":"GIN","name":"Guinea"},{"iso":"GNB","name":"Guinea-Bissau"},{"iso":"GUY","name":"Guyana"},{"iso":"HTI","name":"Haiti"},{"iso":"HMD","name":"Heard Island and McDonald Islands"},{"iso":"HND","name":"Honduras"},{"iso":"HKG","name":"Hong Kong"},{"iso":"HUN","name":"Hungary"},{"iso":"ISL","name":"Iceland"},{"iso":"IND","name":"India"},{"iso":"IDN","name":"Indonesia"},{"iso":"IRN","name":"Iran"},{"iso":"IRQ","name":"Iraq"},{"iso":"IRL","name":"Ireland"},{"iso":"IMN","name":"Isle of Man"},{"iso":"ISR","name":"Israel"},{"iso":"ITA","name":"Italy"},{"iso":"JAM","name":"Jamaica"},{"iso":"JPN","name":"Japan"},{"iso":"JEY","name":"Jersey"},{"iso":"JOR","name":"Jordan"},{"iso":"KAZ","name":"Kazakhstan"},{"iso":"KEN","name":"Kenya"},{"iso":"KIR","name":"Kiribati"},{"iso":"XKO","name":"Kosovo"},{"iso":"KWT","name":"Kuwait"},{"iso":"KGZ","name":"Kyrgyzstan"},{"iso":"LAO","name":"Laos"},{"iso":"LVA","name":"Latvia"},{"iso":"LBN","name":"Lebanon"},{"iso":"LSO","name":"Lesotho"},{"iso":"LBR","name":"Liberia"},{"iso":"LBY","name":"Libya"},{"iso":"LIE","name":"Liechtenstein"},{"iso":"LTU","name":"Lithuania"},{"iso":"LUX","name":"Luxembourg"},{"iso":"MAC","name":"Macao"},{"iso":"MKD","name":"Macedonia"},{"iso":"MDG","name":"Madagascar"},{"iso":"MWI","name":"Malawi"},{"iso":"MYS","name":"Malaysia"},{"iso":"MDV","name":"Maldives"},{"iso":"MLI","name":"Mali"},{"iso":"MLT","name":"Malta"},{"iso":"MHL","name":"Marshall Islands"},{"iso":"MTQ","name":"Martinique"},{"iso":"MRT","name":"Mauritania"},{"iso":"MUS","name":"Mauritius"},{"iso":"MYT","name":"Mayotte"},{"iso":"MEX","name":"Mexico"},{"iso":"FSM","name":"Micronesia"},{"iso":"MDA","name":"Moldova"},{"iso":"MCO","name":"Monaco"},{"iso":"MNG","name":"Mongolia"},{"iso":"MNE","name":"Montenegro"},{"iso":"MSR","name":"Montserrat"},{"iso":"MAR","name":"Morocco"},{"iso":"MOZ","name":"Mozambique"},{"iso":"MMR","name":"Myanmar"},{"iso":"NAM","name":"Namibia"},{"iso":"NRU","name":"Nauru"},{"iso":"NPL","name":"Nepal"},{"iso":"NLD","name":"Netherlands"},{"iso":"NCL","name":"New Caledonia"},{"iso":"NZL","name":"New Zealand"},{"iso":"NIC","name":"Nicaragua"},{"iso":"NER","name":"Niger"},{"iso":"NGA","name":"Nigeria"},{"iso":"NIU","name":"Niue"},{"iso":"NFK","name":"Norfolk Island"},{"iso":"XNC","name":"Northern Cyprus"},{"iso":"MNP","name":"Northern Mariana Islands"},{"iso":"PRK","name":"North Korea"},{"iso":"NOR","name":"Norway"},{"iso":"OMN","name":"Oman"},{"iso":"PAK","name":"Pakistan"},{"iso":"PLW","name":"Palau"},{"iso":"PSE","name":"Palestina"},{"iso":"PAN","name":"Panama"},{"iso":"PNG","name":"Papua New Guinea"},{"iso":"PRY","name":"Paraguay"},{"iso":"PER","name":"Peru"},{"iso":"PHL","name":"Philippines"},{"iso":"PCN","name":"Pitcairn Islands"},{"iso":"POL","name":"Poland"},{"iso":"PRT","name":"Portugal"},{"iso":"PRI","name":"Puerto Rico"},{"iso":"QAT","name":"Qatar"},{"iso":"COG","name":"Republic of Congo"},{"iso":"REU","name":"Reunion"},{"iso":"ROU","name":"Romania"},{"iso":"RUS","name":"Russia"},{"iso":"RWA","name":"Rwanda"},{"iso":"BLM","name":"Saint-Barthélemy"},{"iso":"SHN","name":"Saint Helena"},{"iso":"KNA","name":"Saint Kitts and Nevis"},{"iso":"LCA","name":"Saint Lucia"},{"iso":"MAF","name":"Saint-Martin"},{"iso":"SPM","name":"Saint Pierre and Miquelon"},{"iso":"VCT","name":"Saint Vincent and the Grenadines"},{"iso":"WSM","name":"Samoa"},{"iso":"SMR","name":"San Marino"},{"iso":"STP","name":"Sao Tome and Principe"},{"iso":"SAU","name":"Saudi Arabia"},{"iso":"SEN","name":"Senegal"},{"iso":"SRB","name":"Serbia"},{"iso":"SYC","name":"Seychelles"},{"iso":"SLE","name":"Sierra Leone"},{"iso":"SGP","name":"Singapore"},{"iso":"SXM","name":"Sint Maarten"},{"iso":"SVK","name":"Slovakia"},{"iso":"SVN","name":"Slovenia"},{"iso":"SLB","name":"Solomon Islands"},{"iso":"SOM","name":"Somalia"},{"iso":"ZAF","name":"South Africa"},{"iso":"SGS","name":"South Georgia and the South Sandwich Islands"},{"iso":"KOR","name":"South Korea"},{"iso":"SSD","name":"South Sudan"},{"iso":"ESP","name":"Spain"},{"iso":"LKA","name":"Sri Lanka"},{"iso":"SDN","name":"Sudan"},{"iso":"SUR","name":"Suriname"},{"iso":"SJM","name":"Svalbard and Jan Mayen"},{"iso":"SWZ","name":"Swaziland"},{"iso":"SWE","name":"Sweden"},{"iso":"CHE","name":"Switzerland"},{"iso":"SYR","name":"Syria"},{"iso":"TJK","name":"Tajikistan"},{"iso":"TZA","name":"Tanzania"},{"iso":"THA","name":"Thailand"},{"iso":"TGO","name":"Togo"},{"iso":"TKL","name":"Tokelau"},{"iso":"TON","name":"Tonga"},{"iso":"TTO","name":"Trinidad and Tobago"},{"iso":"TUN","name":"Tunisia"},{"iso":"TUR","name":"Turkey"},{"iso":"TKM","name":"Turkmenistan"},{"iso":"TCA","name":"Turks and Caicos Islands"},{"iso":"TUV","name":"Tuvalu"},{"iso":"UGA","name":"Uganda"},{"iso":"UKR","name":"Ukraine"},{"iso":"ARE","name":"United Arab Emirates"},{"iso":"GBR","name":"United Kingdom"},{"iso":"USA","name":"United States"},{"iso":"UMI","name":"United States Minor Outlying Islands"},{"iso":"URY","name":"Uruguay"},{"iso":"UZB","name":"Uzbekistan"},{"iso":"VUT","name":"Vanuatu"},{"iso":"VAT","name":"Vatican City"},{"iso":"VEN","name":"Venezuela"},{"iso":"VNM","name":"Vietnam"},{"iso":"VIR","name":"Virgin Islands, U.S."},{"iso":"WLF","name":"Wallis and Futuna"},{"iso":"ESH","name":"Western Sahara"},{"iso":"YEM","name":"Yemen"},{"iso":"ZMB","name":"Zambia"},{"iso":"ZWE","name":"Zimbabwe"}],"time":0.005,"fields":{"iso":{"type":"string","pgtype":"text"},"name":{"type":"string","pgtype":"text"}},"total_rows":252}